{
    "y_pred": [
        1.0,
        0.0,
        0.0,
        0.0,
        0.0,
        1.0,
        0.0,
        0.0,
        0.0,
        0.0,
        0.0,
        1.0,
        1.0,
        0.0,
        0.0,
        0.0,
        0.0,
        1.0,
        0.0,
        1.0,
        0.0,
        1.0,
        0.0,
        0.0,
        0.0,
        1.0,
        1.0,
        0.0,
        1.0,
        1.0,
        1.0,
        0.0,
        0.0,
        1.0,
        0.0,
        0.0,
        0.0,
        0.0,
        1.0,
        0.0,
        0.0,
        0.0,
        1.0,
        0.0,
        1.0,
        0.0,
        1.0,
        0.0,
        0.0,
        1.0,
        0.0,
        0.0,
        0.0,
        1.0,
        1.0,
        0.0,
        1.0,
        0.0,
        1.0,
        0.0,
        1.0,
        1.0,
        1.0,
        1.0,
        1.0,
        1.0,
        1.0,
        1.0,
        0.0,
        1.0,
        0.0,
        1.0,
        0.0,
        1.0,
        1.0,
        0.0,
        1.0,
        1.0,
        1.0,
        1.0,
        1.0,
        0.0,
        1.0,
        0.0,
        1.0,
        1.0
    ],
    "y_pred_prob": [
        0.9723740712717291,
        0.012276649134882594,
        0.23730166996732954,
        0.12794505744592186,
        0.04385539184307197,
        0.749445755731645,
        0.13105702343817266,
        0.09877612351767374,
        0.1845907580897191,
        0.11080643625862957,
        0.0056600780340416105,
        0.5591467765725598,
        0.6006518902375007,
        0.2331709505807871,
        0.20424249432496208,
        0.010043187601946476,
        0.08085844157371118,
        0.8781326338635471,
        0.02958135958526571,
        0.5075837915944156,
        0.33063624008560494,
        0.8196356605165596,
        0.25180688108191296,
        0.06866521167791503,
        0.36225094338942626,
        0.5119375512704556,
        0.985797011578397,
        0.4571580781343703,
        0.9015745121652091,
        0.9573111862097292,
        0.8661107877222584,
        0.0023614641862419743,
        0.1555755149671084,
        0.7223605011115161,
        0.21429216114495747,
        0.05688561884699979,
        0.02180852253011198,
        0.1255299808844595,
        0.9970934568983231,
        0.18554235176226078,
        0.10761403700036909,
        0.009273063468025483,
        0.9393799481643905,
        0.02004715635224842,
        0.5376465294156596,
        0.35052065337152466,
        0.9215113519966227,
        0.16480102880180397,
        0.3000153255563397,
        0.8999932263202304,
        0.10113767595854974,
        0.11414755690568287,
        0.16679763884685614,
        0.5466419502573837,
        0.9187267989970583,
        0.14162765869297553,
        0.9001905820033153,
        0.04456506430228091,
        0.8545282426904538,
        0.3924908186486687,
        0.5762910294066416,
        0.9576477776555054,
        0.9959542596294937,
        0.9943145704337946,
        0.9687072171689057,
        0.9182994534220141,
        0.9913273428697444,
        0.9982699727624066,
        0.249155878970422,
        0.7317648050390815,
        0.045020416526702474,
        0.6891837614396499,
        0.022201823925264833,
        0.9247758684359707,
        0.7867915803981683,
        0.2546090906286183,
        0.9652131469358222,
        0.975725353116628,
        0.7004167526537965,
        0.7169593690858279,
        0.8264890870067307,
        0.24121840711110532,
        0.5961700367969188,
        0.471036594024872,
        0.7631212277580056,
        0.9976460488293674
    ]
}