{
    "y_pred": [
        1,
        0,
        0,
        0,
        0,
        1,
        0,
        0,
        0,
        0,
        0,
        1,
        1,
        0,
        0,
        0,
        0,
        1,
        0,
        1,
        1,
        1,
        0,
        0,
        0,
        1,
        1,
        0,
        1,
        1,
        1,
        0,
        0,
        1,
        0,
        0,
        0,
        1,
        1,
        0,
        0,
        0,
        1,
        0,
        1,
        1,
        1,
        0,
        0,
        1,
        0,
        0,
        0,
        1,
        1,
        0,
        1,
        0,
        1,
        1,
        1,
        1,
        1,
        1,
        1,
        1,
        1,
        1,
        0,
        1,
        0,
        1,
        0,
        1,
        1,
        1,
        1,
        1,
        1,
        1,
        1,
        1,
        1,
        1,
        1,
        1
    ],
    "y_pred_prob": [
        0.8088829517364502,
        0.7380412220954895,
        0.6253862380981445,
        0.5666306018829346,
        0.6506665349006653,
        0.6842350959777832,
        0.5873109698295593,
        0.6158857941627502,
        0.6657022833824158,
        0.7000158429145813,
        0.7175535559654236,
        0.5685929656028748,
        0.5926556587219238,
        0.5775355100631714,
        0.5589255690574646,
        0.7036663889884949,
        0.6777361631393433,
        0.6914198398590088,
        0.6561190485954285,
        0.6598160266876221,
        0.542158305644989,
        0.5769498348236084,
        0.5682664513587952,
        0.6651672720909119,
        0.5349502563476562,
        0.5249302983283997,
        0.7975722551345825,
        0.5477526187896729,
        0.6600605249404907,
        0.7297860383987427,
        0.667718768119812,
        0.7095690965652466,
        0.593724250793457,
        0.7875485420227051,
        0.5062031149864197,
        0.6596322655677795,
        0.7351736426353455,
        0.5660227537155151,
        0.8745015263557434,
        0.6121756434440613,
        0.6063670516014099,
        0.737927258014679,
        0.765829861164093,
        0.6839747428894043,
        0.7096414566040039,
        0.6323689222335815,
        0.7338133454322815,
        0.5388118028640747,
        0.5629679560661316,
        0.704565167427063,
        0.6225007176399231,
        0.6515902280807495,
        0.6410248279571533,
        0.6754785776138306,
        0.6897392272949219,
        0.6387230753898621,
        0.7013977766036987,
        0.7078559994697571,
        0.7739058136940002,
        0.5391579270362854,
        0.6139622330665588,
        0.7523336410522461,
        0.8888510465621948,
        0.8887645602226257,
        0.848747193813324,
        0.798968493938446,
        0.8564897775650024,
        0.8737746477127075,
        0.545974850654602,
        0.6842508316040039,
        0.6408049464225769,
        0.5435560941696167,
        0.5633777379989624,
        0.7138923406600952,
        0.6709097623825073,
        0.5091978907585144,
        0.78200364112854,
        0.8703696727752686,
        0.761383056640625,
        0.637732207775116,
        0.6629602313041687,
        0.5194032192230225,
        0.6760493516921997,
        0.533562183380127,
        0.6929375529289246,
        0.8437241315841675
    ]
}