{"features": ["1555656_at", "216883_x_at", "226888_at", "210715_s_at", "221566_s_at", "244307_s_at", "235705_at", "235695_at", "1569527_at", "222841_s_at"], "y": {"LogisticRegression_L1": {"accuracy": [0.8, 0.8888888888888888, 0.7777777777777778, 1.0, 0.8888888888888888], "sensitivity": [0.75, 0.8, 0.8333333333333334, 1.0, 1.0], "specificity": [0.8333333333333334, 1.0, 0.6666666666666666, 1.0, 0.8], "precision": [0.75, 1.0, 0.8333333333333334, 1.0, 0.8], "recall": [0.75, 0.8, 0.8333333333333334, 1.0, 1.0], "auc": [0.875, 0.95, 0.9444444444444445, 1.0, 1.0]}, "RandomForest": {"accuracy": [0.8, 0.8888888888888888, 0.7777777777777778, 0.8888888888888888, 0.6666666666666666], "sensitivity": [0.75, 1.0, 0.8333333333333334, 0.8, 1.0], "specificity": [0.8333333333333334, 0.75, 0.6666666666666666, 1.0, 0.4], "precision": [0.75, 0.8333333333333334, 0.8333333333333334, 1.0, 0.5714285714285714], "recall": [0.75, 1.0, 0.8333333333333334, 0.8, 1.0], "auc": [0.9166666666666667, 0.85, 0.9444444444444445, 1.0, 0.9]}, "XGBoost": {"accuracy": [0.7, 0.7777777777777778, 0.7777777777777778, 1.0, 0.7777777777777778], "sensitivity": [0.5, 0.8, 0.6666666666666666, 1.0, 1.0], "specificity": [0.8333333333333334, 0.75, 1.0, 1.0, 0.6], "precision": [0.6666666666666666, 0.8, 1.0, 1.0, 0.6666666666666666], "recall": [0.5, 0.8, 0.6666666666666666, 1.0, 1.0], "auc": [0.875, 0.95, 0.888888888888889, 1.0, 0.8]}, "NeuralNetwork": {"accuracy": [0.8, 0.7777777777777778, 1.0, 1.0, 0.8888888888888888], "sensitivity": [0.75, 0.8, 1.0, 1.0, 1.0], "specificity": [0.8333333333333334, 0.75, 1.0, 1.0, 0.8], "precision": [0.75, 0.8, 1.0, 1.0, 0.8], "recall": [0.75, 0.8, 1.0, 1.0, 1.0], "auc": [0.25, 0.15000000000000002, 0.5555555555555556, 0.55, 0.44999999999999996]}}, "y_augment_0.15": {"LogisticRegression_L1": {"accuracy": [0.9090909090909091, 0.8, 0.8, 0.8, 0.7], "sensitivity": [1.0, 0.7142857142857143, 0.5, 0.8, 0.6666666666666666], "specificity": [0.8571428571428571, 1.0, 1.0, 0.8, 0.75], "precision": [0.8, 1.0, 1.0, 0.8, 0.8], "recall": [1.0, 0.7142857142857143, 0.5, 0.8, 0.6666666666666666], "auc": [1.0, 0.9047619047619049, 1.0, 0.9600000000000001, 0.8333333333333334]}, "RandomForest": {"accuracy": [0.8181818181818182, 0.6, 0.8, 0.9, 0.6], "sensitivity": [1.0, 0.5714285714285714, 0.5, 1.0, 0.6666666666666666], "specificity": [0.7142857142857143, 0.6666666666666666, 1.0, 0.8, 0.5], "precision": [0.6666666666666666, 0.8, 1.0, 0.8333333333333334, 0.6666666666666666], "recall": [1.0, 0.5714285714285714, 0.5, 1.0, 0.6666666666666666], "auc": [0.9642857142857143, 0.7142857142857144, 1.0, 0.9600000000000001, 0.8333333333333333]}, "XGBoost": {"accuracy": [0.8181818181818182, 0.5, 0.8, 0.8, 0.6], "sensitivity": [1.0, 0.42857142857142855, 0.5, 0.8, 0.6666666666666666], "specificity": [0.7142857142857143, 0.6666666666666666, 1.0, 0.8, 0.5], "precision": [0.6666666666666666, 0.75, 1.0, 0.8, 0.6666666666666666], "recall": [1.0, 0.42857142857142855, 0.5, 0.8, 0.6666666666666666], "auc": [0.9285714285714286, 0.7142857142857144, 1.0, 0.9600000000000001, 0.8333333333333333]}, "NeuralNetwork": {"accuracy": [0.6363636363636364, 0.7, 1.0, 1.0, 0.8], "sensitivity": [1.0, 0.5714285714285714, 1.0, 1.0, 0.8333333333333334], "specificity": [0.42857142857142855, 1.0, 1.0, 1.0, 0.75], "precision": [0.5, 1.0, 1.0, 1.0, 0.8333333333333334], "recall": [1.0, 0.5714285714285714, 1.0, 1.0, 0.8333333333333334], "auc": [0.9285714285714286, 0.33333333333333337, 0.45833333333333337, 0.36, 0.7083333333333334]}}, "y_augment_0.25": {"LogisticRegression_L1": {"accuracy": [0.8, 0.7333333333333333, 0.6666666666666666, 0.7142857142857143, 0.7142857142857143], "sensitivity": [0.8571428571428571, 0.75, 0.7142857142857143, 0.7272727272727273, 0.7142857142857143], "specificity": [0.75, 0.7142857142857143, 0.625, 0.6666666666666666, 0.7142857142857143], "precision": [0.75, 0.75, 0.625, 0.8888888888888888, 0.7142857142857143], "recall": [0.8571428571428571, 0.75, 0.7142857142857143, 0.7272727272727273, 0.7142857142857143], "auc": [0.9107142857142857, 0.6607142857142857, 0.8571428571428572, 0.787878787878788, 0.8775510204081632]}, "RandomForest": {"accuracy": [0.6666666666666666, 0.6, 0.6666666666666666, 0.7142857142857143, 0.7857142857142857], "sensitivity": [0.7142857142857143, 0.75, 0.7142857142857143, 0.7272727272727273, 0.7142857142857143], "specificity": [0.625, 0.42857142857142855, 0.625, 0.6666666666666666, 0.8571428571428571], "precision": [0.625, 0.6, 0.625, 0.8888888888888888, 0.8333333333333334], "recall": [0.7142857142857143, 0.75, 0.7142857142857143, 0.7272727272727273, 0.7142857142857143], "auc": [0.7857142857142857, 0.7142857142857143, 0.7678571428571428, 0.7272727272727273, 0.8775510204081632]}, "XGBoost": {"accuracy": [0.8, 0.5333333333333333, 0.7333333333333333, 0.42857142857142855, 0.7142857142857143], "sensitivity": [0.8571428571428571, 0.625, 0.8571428571428571, 0.45454545454545453, 0.7142857142857143], "specificity": [0.75, 0.42857142857142855, 0.625, 0.3333333333333333, 0.7142857142857143], "precision": [0.75, 0.5555555555555556, 0.6666666666666666, 0.7142857142857143, 0.7142857142857143], "recall": [0.8571428571428571, 0.625, 0.8571428571428571, 0.45454545454545453, 0.7142857142857143], "auc": [0.875, 0.6071428571428572, 0.7857142857142857, 0.5757575757575758, 0.7959183673469388]}, "NeuralNetwork": {"accuracy": [0.8, 0.6, 0.6666666666666666, 0.6428571428571429, 0.8571428571428571], "sensitivity": [1.0, 0.75, 0.7142857142857143, 0.6363636363636364, 1.0], "specificity": [0.625, 0.42857142857142855, 0.625, 0.6666666666666666, 0.7142857142857143], "precision": [0.7, 0.6, 0.625, 0.875, 0.7777777777777778], "recall": [1.0, 0.75, 0.7142857142857143, 0.6363636363636364, 1.0], "auc": [0.5714285714285714, 0.6428571428571429, 0.8214285714285714, 0.24242424242424243, 0.5510204081632653]}}}