{"y": {"LogisticRegression_L1": {"accuracy": [0.3, 0.4444444444444444, 0.1111111111111111, 0.6666666666666666, 0.2222222222222222], "sensitivity": [0.75, 0.4, 0.16666666666666666, 0.8, 0.0], "specificity": [0.0, 0.5, 0.0, 0.5, 0.4], "precision": [0.3333333333333333, 0.5, 0.25, 0.6666666666666666, 0.0], "recall": [0.75, 0.4, 0.16666666666666666, 0.8, 0.0], "auc": [0.375, 0.7, 0.16666666666666666, 0.7, 0.3]}, "RandomForest": {"accuracy": [0.5, 0.5555555555555556, 0.5555555555555556, 0.6666666666666666, 0.2222222222222222], "sensitivity": [1.0, 0.6, 0.5, 0.8, 0.25], "specificity": [0.16666666666666666, 0.5, 0.6666666666666666, 0.5, 0.2], "precision": [0.4444444444444444, 0.6, 0.75, 0.6666666666666666, 0.2], "recall": [1.0, 0.6, 0.5, 0.8, 0.25], "auc": [0.6666666666666667, 0.575, 0.33333333333333337, 0.7, 0.32499999999999996]}, "XGBoost": {"accuracy": [0.5, 0.8888888888888888, 0.3333333333333333, 0.6666666666666666, 0.2222222222222222], "sensitivity": [0.75, 0.8, 0.5, 1.0, 0.25], "specificity": [0.3333333333333333, 1.0, 0.0, 0.25, 0.2], "precision": [0.42857142857142855, 1.0, 0.5, 0.625, 0.2], "recall": [0.75, 0.8, 0.5, 1.0, 0.25], "auc": [0.33333333333333337, 1.0, 0.2222222222222222, 0.55, 0.3]}, "NeuralNetwork": {"accuracy": [0.5, 0.3333333333333333, 0.5555555555555556, 0.6666666666666666, 0.5555555555555556], "sensitivity": [0.75, 0.4, 0.6666666666666666, 0.4, 0.75], "specificity": [0.3333333333333333, 0.25, 0.3333333333333333, 1.0, 0.4], "precision": [0.42857142857142855, 0.4, 0.6666666666666666, 1.0, 0.5], "recall": [0.75, 0.4, 0.6666666666666666, 0.4, 0.75], "auc": [0.45833333333333337, 0.44999999999999996, 0.3888888888888889, 0.7500000000000001, 0.39999999999999997]}}, "y_augment_0.15": {"LogisticRegression_L1": {"accuracy": [0.5454545454545454, 0.6, 0.4, 0.4, 0.6], "sensitivity": [0.5, 0.42857142857142855, 0.25, 0.6, 0.5], "specificity": [0.5714285714285714, 1.0, 0.5, 0.2, 0.75], "precision": [0.4, 1.0, 0.25, 0.42857142857142855, 0.75], "recall": [0.5, 0.42857142857142855, 0.25, 0.6, 0.5], "auc": [0.5, 0.6190476190476191, 0.5833333333333334, 0.36, 0.5416666666666667]}, "RandomForest": {"accuracy": [0.2727272727272727, 0.7, 0.7, 0.5, 0.6], "sensitivity": [0.25, 0.5714285714285714, 1.0, 0.6, 0.6666666666666666], "specificity": [0.2857142857142857, 1.0, 0.5, 0.4, 0.5], "precision": [0.16666666666666666, 1.0, 0.5714285714285714, 0.5, 0.6666666666666666], "recall": [0.25, 0.5714285714285714, 1.0, 0.6, 0.6666666666666666], "auc": [0.2857142857142857, 0.7619047619047619, 0.875, 0.24, 0.75]}, "XGBoost": {"accuracy": [0.18181818181818182, 0.6, 0.8, 0.5, 0.6], "sensitivity": [0.0, 0.5714285714285714, 1.0, 0.6, 0.3333333333333333], "specificity": [0.2857142857142857, 0.6666666666666666, 0.6666666666666666, 0.4, 1.0], "precision": [0.0, 0.8, 0.6666666666666666, 0.5, 1.0], "recall": [0.0, 0.5714285714285714, 1.0, 0.6, 0.3333333333333333], "auc": [0.07142857142857142, 0.7619047619047619, 1.0, 0.52, 0.7083333333333334]}, "NeuralNetwork": {"accuracy": [0.36363636363636365, 0.5, 0.4, 0.6, 0.4], "sensitivity": [0.5, 0.2857142857142857, 1.0, 0.6, 0.0], "specificity": [0.2857142857142857, 1.0, 0.0, 0.6, 1.0], "precision": [0.2857142857142857, 1.0, 0.4, 0.6, 0.0], "recall": [0.5, 0.2857142857142857, 1.0, 0.6, 0.0], "auc": [0.1785714285714286, 0.38095238095238093, 0.7083333333333334, 0.44, 0.5416666666666666]}}, "y_augment_0.25": {"LogisticRegression_L1": {"accuracy": [0.5333333333333333, 0.5333333333333333, 0.5333333333333333, 0.5, 0.2857142857142857], "sensitivity": [0.7142857142857143, 0.5, 0.42857142857142855, 0.5454545454545454, 0.2857142857142857], "specificity": [0.375, 0.5714285714285714, 0.625, 0.3333333333333333, 0.2857142857142857], "precision": [0.5, 0.5714285714285714, 0.5, 0.75, 0.2857142857142857], "recall": [0.7142857142857143, 0.5, 0.42857142857142855, 0.5454545454545454, 0.2857142857142857], "auc": [0.6071428571428571, 0.5535714285714286, 0.4464285714285714, 0.393939393939394, 0.22448979591836735]}, "RandomForest": {"accuracy": [0.4666666666666667, 0.4666666666666667, 0.6, 0.6428571428571429, 0.5], "sensitivity": [0.8571428571428571, 0.5, 0.7142857142857143, 0.6363636363636364, 0.42857142857142855], "specificity": [0.125, 0.42857142857142855, 0.5, 0.6666666666666666, 0.5714285714285714], "precision": [0.46153846153846156, 0.5, 0.5555555555555556, 0.875, 0.5], "recall": [0.8571428571428571, 0.5, 0.7142857142857143, 0.6363636363636364, 0.42857142857142855], "auc": [0.23214285714285712, 0.4285714285714286, 0.5982142857142856, 0.6515151515151514, 0.5408163265306123]}, "XGBoost": {"accuracy": [0.3333333333333333, 0.3333333333333333, 0.6666666666666666, 0.7857142857142857, 0.7142857142857143], "sensitivity": [0.42857142857142855, 0.25, 0.8571428571428571, 0.7272727272727273, 0.7142857142857143], "specificity": [0.25, 0.42857142857142855, 0.5, 1.0, 0.7142857142857143], "precision": [0.3333333333333333, 0.3333333333333333, 0.6, 1.0, 0.7142857142857143], "recall": [0.42857142857142855, 0.25, 0.8571428571428571, 0.7272727272727273, 0.7142857142857143], "auc": [0.375, 0.3214285714285714, 0.7142857142857142, 0.8484848484848484, 0.7551020408163265]}, "NeuralNetwork": {"accuracy": [0.5333333333333333, 0.3333333333333333, 0.4666666666666667, 0.5714285714285714, 0.42857142857142855], "sensitivity": [0.42857142857142855, 0.375, 0.5714285714285714, 0.6363636363636364, 0.7142857142857143], "specificity": [0.625, 0.2857142857142857, 0.375, 0.3333333333333333, 0.14285714285714285], "precision": [0.5, 0.375, 0.4444444444444444, 0.7777777777777778, 0.45454545454545453], "recall": [0.42857142857142855, 0.375, 0.5714285714285714, 0.6363636363636364, 0.7142857142857143], "auc": [0.49999999999999994, 0.16071428571428573, 0.6607142857142857, 0.696969696969697, 0.3877551020408163]}}}